mutation	locomotion	Fragmented_in_WT	Clustered_in_WT	Filamentous_in_WT	Net-like_in_WT	Enlarged_in_WT	activity_in_KO	fragmented_in_KO	tubular_in_KO	distribution	NMJ_content	ER-mito	ubi_native_marf	marf_level	type_of_allelic_group_based_on_morphology	aa_position_in_Mfn2	wild_type_aa_in_Mfn2	wild_type_aa_physicochemical_properties	wild_type_aa_lateral_chain	mutant_aain_Mfn2_	mutant_aa_physicochemical_properties	mutant_aa_lateral_chain	substitution_type	Grantham_s_distance	domain	secondary_structure	type_of_secondary_structure	molecular_functions	interactions	domain_of_interaction	type_of_molecular_interactions	disease_onset	disease_symptoms	disease_genetics
WT	100	12.5	25	100	87.5	0	1.309866511	37.70491803	31.61592506	100	100	0.321105263157895	0.949808373295046	100	WT	NA	NA	NA	NA	NA	NA	NA	NA	NA	NA	NA	NA	NA	NA	NA	NA	NA	NA	NA
L92P-like	14.0259502923977	0	100	85.7142857142857	42.8571428571429	0	0.721330769	59.77011494	9.961685824	32.4509230517227	45.7609247835188	0.196433333333333	0.051863004677358	227.824652374068	tangle	92	WT_Leu	WT_aliphatic	WT_non-polar	Pro	cyclic	mut_non-polar	non-conservative	98	HB1	alpha2H1	alpha_helix	hinge_core	intramolecular	dof_HB1	hydrophobic	early	severe	dominant
R94W-like	5.65610054433749	100	100	0	0	0	0.892705422	55.2	19.2	18.2770624437834	20.6438763759672	0.112925925925926	0.485925671030678	212.516642386144	grape	94	WT_Arg	WT_basic	WT_positively_charged	Trp	aromatic	mut_non-polar	non-conservative	101	dom_hinge_2	hinge_2	loop	hinge_interface	interdomain	dof_GTP-BD	electrostatic	early	severe	dominant
R104W-like	3.774206387327	100	100	22.2222222222222	0	0	0.863278903	54.28571429	17.46031746	20.4568783634458	29.6343395517487	0.1059	0.0483145895109063	296.294983163219	grape	104	WT_Arg	WT_basic	WT_positively_charged	Trp	aromatic	mut_non-polar	non-conservative	101	GTP-BD	G1	loop	catalytic_interface	intramolecular_intermolecular	dof_GTP_GTP-BD	electrostatic	early	severe	dominant
H128R-like	6.26118608394143	100	100	25	0	0	0.823144829	51.36986301	15.58219178	22.2968957024238	41.0733204852533	0.0957647058823529	0.0752143104994967	207.242057177341	grape	128	WT_His	WT_basic	WT_positively_charged	Arg	basic	mut_positively_charged	conservative	29	GTP-BD	G2	loop	catalytic_interface	intramolecular	dof_GTP_GTP-BD	hydrophobic	early	severe	dominant
D214N-like	67.5354874254602	0	26.0869565217391	95.6521739130435	60.8695652173913	39.1304347826087	1.19212037	35.94470046	25.34562212	84.375785691113	111.842100618729	0.32075	0.97507013897039	77.5334746862321	bulb	214	WT_Asp	WT_acidic	WT_negatively_charged	Asn	neutral	mut_polar	semi-conservative	23	GTP-BD	alpha2G	alpha_helix	interface	interdomain	dof_HB2	electrostatic	late	mild	semidominant
L248V-like	18.5221703813104	61.1111111111111	100	61.1111111111111	0	0	1.026772563	51.79856115	18.34532374	29.4618620088193	77.7348274272517	0.120944444444444	0.311762845376669	150.483482002638	grape	248	WT_Leu	WT_aliphatic	WT_non-polar	Val	aliphatic	mut_non-polar	conservative	32	GTP-BD	alpha3G	loop	interface	interdomain	dof_HB1	hydrophobic	early	moderate	dominant
R250Q-like	82.3773999731472	22.2222222222222	0	100	33.3333333333333	0	1.071176849	42.62820513	25.64102564	90.3022395969378	102.683145328672	0.383833333333333	0.452558315579158	40.0032604825124	peanut	250	WT_Arg	WT_basic	WT_positively_charged	Gln	neutral	mut_polar	semi-conservative	54	GTP-BD	alpha3G	loop	interface	interdomain	dof_HB1	electrostatic	late	mild	semidominant
R259L-like	73.4784158672544	0	100	100	55.5555555555556	0	0.996969977	44.47004608	20.50691244	84.1698910072454	67.1290926709979	0.258	0.0547223887423728	265.580045923653	tangle	259	WT_Arg	WT_basic	WT_positively_charged	Leu	aliphatic	mut_non-polar	non-conservative	102	GTP-BD	G4	alpha_helix	catalytic_interface	intramolecular_intermolecular	dof_GTP-BD	electrostatic	late	mild	dominant
K357N-like	25.7220898227712	0	33.3333333333333	100	11.1111111111111	88.8888888888889	1.310638554	44.31137725	31.73652695	42.6788014037433	67.1644938906659	0.20516	0.093140073535688	165.691431209458	bulb	357	WT_Lys	WT_basic	WT_positively_charged	Asn	neutral	mut_polar	semi-conservative	98	HB1	hinge_2	alpha_helix	hinge	interdomain	dof_HB2	electrostatic	early	severe	dominant
H361Y-like	20.3888627819549	14.2857142857143	100	100	42.8571428571429	14.2857142857143	0.872460317	50.90497738	15.61085973	28.4815827455956	46.0395902691114	0.173055555555556	0.22821731848913	193.350741686173	tangle	361	WT_His	WT_basic	WT_positively_charged	Tyr	aromatic	mut_polar	non-conservative	83	HB1	HR1	alpha_helix	interface	interdomain	dof_GTP-BD	electrostatic	early	severe	dominant
R364W-like	21.9183465128338	7.69230769230769	46.1538461538462	92.3076923076923	0	76.9230769230769	1.331844	39.44223108	30.67729084	53.2196622640138	42.2385592649477	0.18898	0.398559123657763	145.697603945305	bulb	364	WT_Arg	WT_basic	WT_positively_charged	Trp	aromatic	mut_non-polar	non-conservative	101	HB1	HR1	alpha_helix	interface	interdomain	dof_GTP-BD	electrostatic	early	severe	dominant
R400P-like	54.4586142079337	0	100	100	30.7692307692308	7.69230769230769	0.634287149	62.9258517	6.613226453	61.4421529519644	55.6458262201512	0.301	0	133.404944359652	tangle	400	WT_Arg	WT_basic	WT_positively_charged	Pro	cyclic	mut_non-polar	non-conservative	103	HB2	HR1	alpha_helix	interface	intramolecular	dof_HB1	electrostatic	early	severe	dominant
W740S-like	35.2863184747583	0	30.7692307692308	100	46.1538461538462	84.6153846153846	1.333042813	40.85365854	29.26829268	59.576336214528	77.5779743366642	0.28725	0.643771489711351	79.1742990022832	bulb	740	WT_Trp	WT_aromatic	WT_non-polar	Ser	polar	mut_polar	non-conservative	177	HB1	HR2	alpha_helix	interface	intermolecular	dof_HB1	hydrophobic	late	mild	dominant
L745P-like	76.1110365198711	66.6666666666667	0	100	0	0	0.751610429	59.02140673	11.9266055	82.0188316164085	100.681303934882	0.521307692307692	0.0288506892661323	146.916827722449	peanut	745	WT_Leu	WT_aliphatic	WT_non-polar	Pro	cyclic	mut_non-polar	non-conservative	98	HB1	HR2	alpha_helix	core	intramolecular	dof_HB1	hydrophobic	late	mild	dominant
