Mutation;Sample;Cell;Fragmented;Clustered;Tubular;Net-like;Bulb-like
marfKO;1;1;1;0;0;0;0
marfKO;1;2;1;0;0;0;0
marfKO;1;3;1;0;0;0;0
marfKO;1;4;1;0;0;0;0
marfKO;1;5;1;0;0;0;0
marfKO;1;6;1;0;0;0;0
marfKO;2;1;1;0;0;0;0
marfKO;2;2;1;0;0;0;0
marfKO;2;3;1;0;0;0;0
marfKO;3;1;1;0;0;0;0
marfKO;3;2;1;0;0;0;0
marfKO;3;3;1;0;0;0;0
marfKO;3;4;1;0;0;0;0
control;1;1;0;0;1;0;0
control;1;2;0;0;1;0;0
control;2;1;1;0;1;0;0
control;2;2;1;0;1;0;0
control;2;3;1;0;1;0;0
control;3;1;1;0;1;0;0
control;3;2;1;0;1;0;0
control;4;1;0;0;1;0;0
control;4;2;0;0;1;0;0
control;4;3;0;0;1;0;0
control;5;1;1;0;1;0;0
control;5;2;1;0;1;0;0
control;5;3;1;0;1;0;0
control;6;1;1;0;1;0;0
control;6;2;1;0;1;0;0
control;6;3;1;0;1;0;0
control;7;1;0;0;1;0;0
control;7;2;0;0;1;0;0
control;7;3;0;0;1;0;0
marfWT;1;1;0;0;1;0;0
marfWT;1;2;0;0;1;1;0
marfWT;2;1;1;0;1;1;0
marfWT;2;2;1;0;1;1;0
marfWT;2;3;1;0;1;1;0
marfWT;3;1;0;0;1;1;0
marfWT;3;2;0;0;1;1;0
marfWT;4;1;0;0;1;1;0
marfWT;4;2;0;0;1;1;0
marfWT;4;3;0;1;1;1;0
marfWT;5;1;0;0;1;1;0
marfWT;5;2;0;0;1;1;0
marfWT;5;3;0;0;1;1;0
marfWT;6;1;0;1;1;1;0
marfWT;6;2;0;1;1;0;0
marfWT;7;1;0;0;1;0;0
marfWT;7;2;0;1;1;1;0
marfWT;7;3;0;0;1;1;0
marfWT;7;4;0;0;1;1;0
marfWT;8;1;0;1;1;1;0
marfWT;8;2;0;0;1;1;0
marfWT;8;3;0;0;1;1;0
marfWT;9;1;0;0;1;1;0
marfWT;9;2;0;1;1;1;0
L92P-like;1;1;0;1;1;1;0
L92P-like;1;2;0;1;1;1;0
L92P-like;1;3;0;1;0;0;0
L92P-like;2;1;0;1;1;0;0
L92P-like;3;1;0;1;1;1;0
L92P-like;3;2;0;1;1;0;0
L92P-like;3;3;0;1;1;0;0
R94W-like;1;1;1;1;0;0;0
R94W-like;1;2;1;1;0;0;0
R94W-like;1;3;1;1;0;0;0
R94W-like;2;1;1;1;0;0;0
R94W-like;2;2;1;1;0;0;0
R94W-like;2;3;1;1;0;0;0
R94W-like;3;1;1;1;0;0;0
R94W-like;3;2;1;1;0;0;0
R94W-like;4;1;1;1;0;0;0
R94W-like;4;2;1;1;0;0;0
R94W-like;4;3;1;1;0;0;0
R104W-like;1;1;1;1;0;0;0
R104W-like;1;2;1;1;0;0;0
R104W-like;1;3;1;1;1;0;0
R104W-like;1;4;1;1;0;0;0
R104W-like;2;1;1;1;0;0;0
R104W-like;2;2;1;1;0;0;0
R104W-like;2;3;1;1;1;0;0
R104W-like;3;1;1;1;0;0;0
R104W-like;3;2;1;1;0;0;0
H128R-like;1;1;1;1;0;0;0
H128R-like;1;2;1;1;0;0;0
H128R-like;1;3;1;1;1;0;0
H128R-like;2;1;1;1;0;0;0
H128R-like;2;2;1;1;1;0;0
H128R-like;2;3;1;1;1;0;0
H128R-like;3;1;1;1;0;0;0
H128R-like;3;2;1;1;0;0;0
H128R-like;3;3;1;1;0;0;0
H128R-like;4;1;1;1;0;0;0
H128R-like;4;2;1;1;0;0;0
H128R-like;4;3;1;1;0;0;0
D214N-like;1;1;0;1;1;1;0
D214N-like;1;2;0;0;1;1;0
D214N-like;2;1;0;0;1;1;1
D214N-like;2;2;0;0;1;1;1
D214N-like;2;3;0;1;1;0;1
D214N-like;3;1;0;0;1;1;0
D214N-like;3;2;0;0;1;1;0
D214N-like;3;3;0;0;1;1;1
D214N-like;4;1;0;1;1;0;1
D214N-like;4;2;0;1;1;0;0
D214N-like;4;3;0;0;1;1;0
D214N-like;5;1;0;0;1;0;1
D214N-like;5;2;0;0;1;0;0
D214N-like;5;3;0;1;1;0;0
D214N-like;6;1;0;0;1;1;0
D214N-like;6;2;0;0;1;1;0
D214N-like;6;3;0;0;1;1;0
D214N-like;7;1;0;0;1;0;1
D214N-like;7;2;0;0;0;0;0
D214N-like;7;3;0;1;1;0;1
D214N-like;8;1;0;0;1;1;1
D214N-like;8;2;0;0;1;1;0
D214N-like;8;3;0;0;1;1;0
L248V-like;1;1;1;1;0;0;0
L248V-like;1;2;0;1;1;0;0
L248V-like;2;1;1;1;0;0;0
L248V-like;3;1;1;1;0;0;0
L248V-like;3;2;1;1;0;0;0
L248V-like;3;3;0;1;1;0;0
L248V-like;3;4;0;1;1;0;0
L248V-like;4;1;0;1;1;0;0
L248V-like;4;2;0;1;1;0;0
L248V-like;5;1;1;1;0;0;0
L248V-like;5;2;0;1;1;0;0
L248V-like;6;1;1;1;1;0;0
L248V-like;6;2;1;1;1;0;0
L248V-like;6;3;1;1;0;0;0
L248V-like;7;1;1;1;0;0;0
L248V-like;7;2;1;1;1;0;0
L248V-like;8;1;1;1;1;0;0
L248V-like;8;2;0;1;1;0;0
R250Q-like;1;1;1;0;1;0;0
R250Q-like;1;2;0;0;1;0;0
R250Q-like;1;3;0;0;1;0;0
R250Q-like;2;1;1;0;1;1;0
R250Q-like;2;2;0;0;1;1;0
R250Q-like;2;3;0;0;1;1;0
R250Q-like;3;1;0;0;1;0;0
R250Q-like;3;2;0;0;1;0;0
R250Q-like;3;3;0;0;1;0;0
R259L-like;1;1;0;1;1;1;0
R259L-like;1;2;0;1;1;0;0
R259L-like;1;3;0;1;1;0;0
R259L-like;2;1;0;1;1;1;0
R259L-like;2;2;0;1;1;1;0
R259L-like;2;3;0;1;1;1;0
R259L-like;3;1;0;1;1;1;0
R259L-like;3;2;0;1;1;0;0
R259L-like;3;3;0;1;1;0;0
K357N-like;1;1;0;1;1;0;1
K357N-like;1;2;0;1;1;0;1
K357N-like;1;3;0;0;1;0;1
K357N-like;2;1;0;1;1;0;1
K357N-like;2;2;0;0;1;0;1
K357N-like;2;3;0;0;1;1;1
K357N-like;3;1;0;0;1;0;1
K357N-like;3;2;0;0;1;0;0
K357N-like;3;3;0;0;1;0;1
H361Y-like;1;1;0;1;1;0;1
H361Y-like;2;1;1;1;1;1;0
H361Y-like;3;1;0;1;1;0;0
H361Y-like;3;2;0;1;1;0;0
H361Y-like;3;3;0;1;1;0;0
H361Y-like;4;1;0;1;1;1;0
H361Y-like;4;2;0;1;1;1;0
R364W-like;1;1;0;0;1;0;1
R364W-like;1;2;0;0;1;0;1
R364W-like;1;3;0;0;1;0;1
R364W-like;2;1;0;1;1;0;1
R364W-like;3;1;1;1;0;0;1
R364W-like;4;1;0;1;1;0;0
R364W-like;4;2;0;0;1;0;0
R364W-like;5;1;0;1;1;0;1
R364W-like;5;2;0;0;1;0;1
R364W-like;5;3;0;0;1;0;1
R364W-like;6;1;0;1;1;0;0
R364W-like;6;2;0;0;1;0;1
R364W-like;6;3;0;1;1;0;1
R400P-like;1;1;0;1;1;1;0
R400P-like;1;2;0;1;1;0;0
R400P-like;1;3;0;1;1;0;0
R400P-like;2;1;0;1;1;1;0
R400P-like;2;2;0;1;1;1;0
R400P-like;2;3;0;1;1;0;0
R400P-like;3;1;0;1;1;0;0
R400P-like;4;1;0;1;1;1;0
R400P-like;4;2;0;1;1;0;0
R400P-like;4;3;0;1;1;0;1
R400P-like;5;1;0;1;1;0;0
R400P-like;5;2;0;1;1;0;0
R400P-like;5;3;0;1;1;0;0
W740S-like;1;1;0;0;1;1;1
W740S-like;1;2;0;0;1;1;1
W740S-like;1;3;0;0;1;1;0
W740S-like;2;1;0;1;1;0;1
W740S-like;2;2;0;0;1;0;1
W740S-like;2;3;0;1;1;0;0
W740S-like;3;1;0;0;1;1;1
W740S-like;3;2;0;1;1;1;1
W740S-like;3;3;0;0;1;0;1
W740S-like;3;4;0;1;1;0;0
W740S-like;4;1;0;0;1;0;1
W740S-like;4;2;0;0;1;0;1
W740S-like;4;3;0;0;1;1;1
L745P-like;1;1;1;0;1;0;0
L745P-like;1;2;1;0;1;0;0
L745P-like;1;3;1;0;1;0;0
L745P-like;2;1;0;0;1;0;0
L745P-like;2;2;0;0;1;0;0
L745P-like;2;3;0;0;1;0;0
L745P-like;3;1;1;0;1;0;0
L745P-like;3;2;1;0;1;0;0
L745P-like;3;3;1;0;1;0;0
